id,first_name,last_name,email,profile_url
1001,Ava,Patel,ava.patel@example.com,https://example.com/users/1001
1002,Liam,Nguyen,liam.nguyen@example.com,https://example.com/users/1002
1003,Emma,Johnson,emma.johnson@example.com,https://example.com/users/1003
1004,Noah,Martinez,noah.martinez@example.com,https://example.com/users/1004
1005,Sophia,Kim,sophia.kim@example.com,https://example.com/users/1005
1006,Elijah,Brown,elijah.brown@example.com,https://example.com/users/1006
1007,Isabella,Davis,isabella.davis@example.com,https://example.com/users/1007
1008,Lucas,Garcia,lucas.garcia@example.com,https://example.com/users/1008
1009,Mia,Wilson,mia.wilson@example.com,https://example.com/users/1009
1010,Mason,Anderson,mason.anderson@example.com,https://example.com/users/1010
1011,Charlotte,Thomas,charlotte.thomas@example.com,https://example.com/users/1011
1012,James,Taylor,james.taylor@example.com,https://example.com/users/1012
